{"noiseKey":{"private":{"type":"Buffer","data":"+PZXO6aUx5WelBiG4Bgno/kRIbGKcrpB8VCscOJuXEs="},"public":{"type":"Buffer","data":"aIgFmwm4NWpOPJyzI06uD9a4bfMy99MhfO0EStm8zn8="}},"signedIdentityKey":{"private":{"type":"Buffer","data":"SOOiJz4Vv8oBqswnZTdhMAKb3ft9QBV2U+bqPDesYkc="},"public":{"type":"Buffer","data":"CDrtlh6IH0aurvLYR7lRA9NFRgwlgYZCKmN+4od0xU4="}},"signedPreKey":{"keyPair":{"private":{"type":"Buffer","data":"yNOwUcYPmDhjiSoGayme/V8MWyef1xivYIMGzfxk7Ws="},"public":{"type":"Buffer","data":"n7AlUoAONjQ3/TwbuXBgzqqGk/uecew5ktbxtUbTIxo="}},"signature":{"type":"Buffer","data":"X627iB1KKW3ZBxCsuCM6WfDgn8DPueuDtrtdSDOqmmvQLb9EqbmQzczd/UARoMb9hjwSvUreDHA0EHbBRrvMBA=="},"keyId":1},"registrationId":17,"advSecretKey":"5f3/mVuEDjBss8ZvV2o/K9VeZTJgg8FxwhRJX91+/2g=","processedHistoryMessages":[{"key":{"remoteJid":"94701430687@s.whatsapp.net","fromMe":true,"id":"E8B58DC3807A1E0219FBF15D1ACC2D66"},"messageTimestamp":1697605884}],"nextPreKeyId":31,"firstUnuploadedPreKeyId":31,"accountSyncCounter":1,"accountSettings":{"unarchiveChats":false},"deviceId":"dMtOX7zvTOW0YUy_po-O0A","phoneId":"233597da-dd2e-4dd5-b477-26185747a8dc","identityId":{"type":"Buffer","data":"gyVKqCZ7w3NDeOfAlV5N3pm/NG0="},"registered":false,"backupToken":{"type":"Buffer","data":"TErzEp+ygqE3/LiCs9/SPGYoAos="},"registration":{},"account":{"details":"CM/TzNIDEPHRvakGGAE=","accountSignatureKey":"R+CumK8K5Sk6i9SVHPPnu3ruWsD4foWuGw4L89Or8n0=","accountSignature":"oHbKUEbOfkTkO07Ce43GQabu9TTQrBrbCYYu1ynBsj1kxBQSjnTamL183YtI90ZV+Okf4dBZtWivtKqi/OJ2Cg==","deviceSignature":"TmAu1RupA1RGg5LtiOwkSShZI25EV85HZq/ptPjFfTHg0RE0lHddhhnSbYY47Hh8NZKOL4rokgx+2tABe870AQ=="},"me":{"id":"94701430687:28@s.whatsapp.net","name":"කවීන් ප්‍රභාෂ්වර ᴮᵃᵈᵘˡˡᵃ"},"signalIdentities":[{"identifier":{"name":"94701430687:28@s.whatsapp.net","deviceId":0},"identifierKey":{"type":"Buffer","data":"BUfgrpivCuUpOovUlRzz57t67lrA+H6FrhsOC/PTq/J9"}}],"platform":"smba","lastAccountSyncTimestamp":1697605876,"myAppStateKeyId":"AAAAAARi"}