{"noiseKey":{"private":{"type":"Buffer","data":"0BjqfeTOUfomnIrs4N/mL+fuhLlp2M/VqX9mg5HL3F8="},"public":{"type":"Buffer","data":"48tmD+w8lj2oSigvUAM/1TSt1MvnGxkdoUMZd0DxpWQ="}},"signedIdentityKey":{"private":{"type":"Buffer","data":"8KYfKuvirPTF+TejFpiU3xaEdetp+xZJBcE/HJsn+0M="},"public":{"type":"Buffer","data":"caoMOlLVZVnmA7yP1iaJg2lqR5thGje+5ERvvqmJ+F8="}},"signedPreKey":{"keyPair":{"private":{"type":"Buffer","data":"QCfznSQdzTDLbTusy49nzh5SFsEqnkj5i2pa0QD8rWY="},"public":{"type":"Buffer","data":"k4Lmv3PodssrWY0KDJIU1yIsjGNYPpm5UeIfNWQqKjE="}},"signature":{"type":"Buffer","data":"GANvQSZ9RmkvUMdaX2VtV0NZ2YDKlKvPhx6AFf3SGNEwunhOsQLAwXoOhrczh9nMCePmRIxhHWShp6PykMjdiQ=="},"keyId":1},"registrationId":93,"advSecretKey":"tshqMSUk021s2JiUJn3B9Wzvqsnp4Zaaqs1rwituLc4=","processedHistoryMessages":[],"nextPreKeyId":31,"firstUnuploadedPreKeyId":31,"accountSyncCounter":0,"accountSettings":{"unarchiveChats":false},"deviceId":"BIvMIIeFTVW5URmTBluuFA","phoneId":"70c045eb-5845-48d0-aeb1-3a1f0b91332a","identityId":{"type":"Buffer","data":"fbYqan9Bf7vagEDYWdrQn5YKTWM="},"registered":false,"backupToken":{"type":"Buffer","data":"eYkhaRyOjd1dWXq4i3i8d3bl/sI="},"registration":{},"account":{"details":"COOG6KMBEKaO36kGGAQ=","accountSignatureKey":"au5mIR70+4/HP4a7YBfKm+7WPEPmnKNA0q8qPu5S5is=","accountSignature":"aR+Fe9G04aN3oWUN2pDnO+VuO8CDLc9p4wJ6lmXkInUq9cFRnwW3jYlIoGYRbsZduwgFSEH72rMLS1rHo7L9BQ==","deviceSignature":"hNV/HjZGg1m8Tbfqgts/spdUyNJkuHzg04EDSPMWCXrI99krXGAzQkqh3cYUNkyXXAAb6Un2oB2Ulo5fAFYGgQ=="},"me":{"id":"94788411793:36@s.whatsapp.net","name":"94788411793"},"signalIdentities":[{"identifier":{"name":"94788411793:36@s.whatsapp.net","deviceId":0},"identifierKey":{"type":"Buffer","data":"BWruZiEe9PuPxz+Gu2AXypvu1jxD5pyjQNKvKj7uUuYr"}}],"platform":"android","lastAccountSyncTimestamp":1698154280,"myAppStateKeyId":"AAAAAKlH"}