{"_sessions":{"BQ3mqV6Wt8BTet0fn6qFmBHsMkt9TWx/SmaJxvwXLJ4l":{"registrationId":1400897458,"currentRatchet":{"ephemeralKeyPair":{"pubKey":"BXLra8KmXg7PQVQeFCOjpMIGbS1vhYsShx9pe+uI95oX","privKey":"SI5pkH2aCJ+UbGHuJg0uaS2G2Mklnetr4xipeODwjVU="},"lastRemoteEphemeralKey":"BeiQCe0C6qKz9ThbIFmsK7DfIkEB1Ok4txeFzgTOrvAl","previousCounter":0,"rootKey":"RPte9RSV7z+9aNencxFvz0rJ3BVjCofLjM/d2RLtrQI="},"indexInfo":{"baseKey":"BQ3mqV6Wt8BTet0fn6qFmBHsMkt9TWx/SmaJxvwXLJ4l","baseKeyType":2,"closed":-1,"used":1697605877799,"created":1697605877799,"remoteIdentityKey":"BUfgrpivCuUpOovUlRzz57t67lrA+H6FrhsOC/PTq/J9"},"_chains":{"BeiQCe0C6qKz9ThbIFmsK7DfIkEB1Ok4txeFzgTOrvAl":{"chainKey":{"counter":2,"key":"kOwn7ZjOgQ6VrKCH6MKgu6qKx/hpehv7Q3ru1deRDPo="},"chainType":2,"messageKeys":{}},"BXLra8KmXg7PQVQeFCOjpMIGbS1vhYsShx9pe+uI95oX":{"chainKey":{"counter":3,"key":"BKJrz3jl0brEgCHP/oxwwXXt8/fgW3iNce/RrUscBk0="},"chainType":1,"messageKeys":{}}}}},"version":"v1"}