{"_sessions":{"BXfzatNdtqO/vgDz8cUnNzy0GQYfeml6zk2PsvMOEQV5":{"registrationId":60,"currentRatchet":{"ephemeralKeyPair":{"pubKey":"BYl2BODm9ZyuHY53b2hyAszG8wckGdc8QNc8diQBarVs","privKey":"4C1Lxd0grcquAEcHP0HFe/1MROwp3alHVavXi4a8jkQ="},"lastRemoteEphemeralKey":"BRWExETrj+RWLuVyiDqCdMq5H4WoiynncK9U/8gcws8b","previousCounter":0,"rootKey":"H8N8kPWpm8KUvzpfjeF9olfaBuIlV1TmY87hJvIeRXs="},"indexInfo":{"baseKey":"BXfzatNdtqO/vgDz8cUnNzy0GQYfeml6zk2PsvMOEQV5","baseKeyType":2,"closed":1698154289031,"used":1698154287954,"created":1698154287954,"remoteIdentityKey":"BaT5e/Jc4GIGcfyUua98AUmPWq+L3K33/0tuvu4BLqNN"},"_chains":{"BRWExETrj+RWLuVyiDqCdMq5H4WoiynncK9U/8gcws8b":{"chainKey":{"counter":0,"key":"L4Rw2kWpoXJRx8KRCXRM0qdBnAjyou+fA2JeMXAWG0A="},"chainType":2,"messageKeys":{}},"BYl2BODm9ZyuHY53b2hyAszG8wckGdc8QNc8diQBarVs":{"chainKey":{"counter":-1,"key":"aOwMlXdw34X+6qZ/L6ih9lzvjSIL9+8WnV4J/tRmjsI="},"chainType":1,"messageKeys":{}}}},"BdC3p4pSsSqpZso48Zr6G2YKQEgibDZ4IdCOXiv2Dhsv":{"registrationId":60,"currentRatchet":{"ephemeralKeyPair":{"pubKey":"BdXRNf/Vk0M+jm1XaKNSLnuQpww7Bqa3tjfT3QoZlCpC","privKey":"yLLhfiZOmgl7iW28zss12mX9/OsfDyd/5ewjcYfC/GE="},"lastRemoteEphemeralKey":"BVIChPdR0/UqJ8O1uHrj8RMvV3fZq1sVa0WfiCythG4Q","previousCounter":0,"rootKey":"QeFXdzIy2XJRkn3Adtrjcwws7DNLy2A3XbxzSPS8Fg0="},"indexInfo":{"baseKey":"BdC3p4pSsSqpZso48Zr6G2YKQEgibDZ4IdCOXiv2Dhsv","baseKeyType":2,"closed":-1,"used":1698154289035,"created":1698154289035,"remoteIdentityKey":"BaT5e/Jc4GIGcfyUua98AUmPWq+L3K33/0tuvu4BLqNN"},"_chains":{"BVIChPdR0/UqJ8O1uHrj8RMvV3fZq1sVa0WfiCythG4Q":{"chainKey":{"counter":1,"key":"6V4HOhnLmaBRG1+WGls7gYPCmxH+GnujyN4ZxVi1x4M="},"chainType":2,"messageKeys":{}},"BdXRNf/Vk0M+jm1XaKNSLnuQpww7Bqa3tjfT3QoZlCpC":{"chainKey":{"counter":1,"key":"yNPgISmsT+DVayG9IRHtVZOGimdrd1G1501mZpEmFNw="},"chainType":1,"messageKeys":{}}}}},"version":"v1"}