{"_sessions":{"BciuBcJD5UlLjUxtHy5uu5GkiWOh8rPH9hy7xeNCxxAG":{"registrationId":1376872053,"currentRatchet":{"ephemeralKeyPair":{"pubKey":"BRuXw7pPbxV+fwFdwhaxwVaO5fxiGESqUiNBG7+Udpx/","privKey":"8NOQUALKezcLd5jYnJsdbaNu7vzhAwbH4S28ENjHpE4="},"lastRemoteEphemeralKey":"BZ6x5XWjhUl2xuy2o4lQywqrQj4VHEpqR+CoC4dcApMJ","previousCounter":0,"rootKey":"jlYPQWljmjgYGunQ8mmbxPu2IMfSF2V46infSGRWjjc="},"indexInfo":{"baseKey":"BciuBcJD5UlLjUxtHy5uu5GkiWOh8rPH9hy7xeNCxxAG","baseKeyType":2,"closed":-1,"used":1698154290952,"created":1698154290952,"remoteIdentityKey":"Bcd/UuPZHnyiQwQv0SgKzBzIlmEKbrQV2fbQEASbWg1a"},"_chains":{"BZ6x5XWjhUl2xuy2o4lQywqrQj4VHEpqR+CoC4dcApMJ":{"chainKey":{"counter":0,"key":"GaGymSfhSToSIizuvzjy1WAAG/XkpclsnMnAzNsyO7E="},"chainType":2,"messageKeys":{}},"BRuXw7pPbxV+fwFdwhaxwVaO5fxiGESqUiNBG7+Udpx/":{"chainKey":{"counter":-1,"key":"+eeEB3ZJ4tdRNF/OPKM7c04A7m8E6evhpVoS/jZirTY="},"chainType":1,"messageKeys":{}}}}},"version":"v1"}