{"_sessions":{"BVeCi4ZfcWT+2VG7ShvNMR8i1f3QA/dOeowJ5ZNZnY17":{"registrationId":1264826319,"currentRatchet":{"ephemeralKeyPair":{"pubKey":"BfHi9ZJCljS7wg5r0Jz4auTFJHzoppjm7SqkMy66liVG","privKey":"sNQAxYyINYzJ6gHgbs8JEziMpuoyrV1ZEDWnUPQC1EI="},"lastRemoteEphemeralKey":"BUZmMaUvrU+ej1c36GZY32MIs6lhWqbu/piASneKbbYF","previousCounter":0,"rootKey":"3H3gfAs5AqbDEbiRPMKJndRCcQslGQqtzAfJGdXnBw0="},"indexInfo":{"baseKey":"BVeCi4ZfcWT+2VG7ShvNMR8i1f3QA/dOeowJ5ZNZnY17","baseKeyType":2,"closed":-1,"used":1698154285738,"created":1698154285738,"remoteIdentityKey":"BYdmt8lLloI3aBzUzBCPXP1oYhNyI2GI4ndN2hWtOpdb"},"_chains":{"BUZmMaUvrU+ej1c36GZY32MIs6lhWqbu/piASneKbbYF":{"chainKey":{"counter":0,"key":"cpzOvQyZEQT49AROH74Qqkj7gaJyoGF+IhGMxqheWFU="},"chainType":2,"messageKeys":{}},"BfHi9ZJCljS7wg5r0Jz4auTFJHzoppjm7SqkMy66liVG":{"chainKey":{"counter":-1,"key":"I/qc4axtK8mRzMvGGp5Aq5WPuHyB8oxrmwToG56c96c="},"chainType":1,"messageKeys":{}}}}},"version":"v1"}