{"_sessions":{"BXC/IPxCJkyvypxjHqSgItp/ovJuzftgczinFJLH2zc1":{"registrationId":955325817,"currentRatchet":{"ephemeralKeyPair":{"pubKey":"BZ+SNqct4I7s21Ur4ald0j63JCkLYEYGuA0ScUUMB+Yl","privKey":"SFtKx27+udOpUzO8U/MSlSC3Kag0mUi4x/hu0ueJ4Vo="},"lastRemoteEphemeralKey":"BQoC460/Z8McRYEjRudSKmc74aUck6F4eguGi72gXHdq","previousCounter":0,"rootKey":"23WinVVG4SP3J8W5dc66hRl9RO+PAGYTAuREt+L35F4="},"indexInfo":{"baseKey":"BXC/IPxCJkyvypxjHqSgItp/ovJuzftgczinFJLH2zc1","baseKeyType":2,"closed":-1,"used":1698154282300,"created":1698154282300,"remoteIdentityKey":"BWruZiEe9PuPxz+Gu2AXypvu1jxD5pyjQNKvKj7uUuYr"},"_chains":{"BQoC460/Z8McRYEjRudSKmc74aUck6F4eguGi72gXHdq":{"chainKey":{"counter":1,"key":"y8+gOWbu5hDkZRho5Y0Vbp2oWFUzQ0Wsll1QWRqVKQM="},"chainType":2,"messageKeys":{}},"BZ+SNqct4I7s21Ur4ald0j63JCkLYEYGuA0ScUUMB+Yl":{"chainKey":{"counter":3,"key":"XqfulITg0vxaASxkLuxkYJGzJdbqt88CoA4mtJS5GGc="},"chainType":1,"messageKeys":{}}}}},"version":"v1"}